{
  "accuracy": 0.8757310672331917,
  "precision": 0.5989847715736041,
  "recall": 0.09204368174726989,
  "f1_score": 0.15956727518593644
}
